{
    "employees": [
      {
        "id": 1,
        "fullName": "Mark",
        "contactPreference": "email",
        "email": "mark@email.com",
        "phone": "5641238971",
        "skills": [
          {
            "skillName": "C#",
            "experienceInYears": 1,
            "proficiency": "beginner"
          },
          {
            "skillName": "Java",
            "experienceInYears": 2,
            "proficiency": "intermediate"
          }
        ]
      },
      {
        "id": 2,
        "fullName": "John2",
        "contactPreference": "phone",
        "email": "john2@gmail.com",
        "phone": "23242138971",
        "skills": [
          {
            "skillName": "Angular2",
            "experienceInYears": "22",
            "proficiency": "beginner"
          },
          {
            "skillName": "HTML2",
            "experienceInYears": "22",
            "proficiency": "intermediate"
          },
          {
            "skillName": "LINQ2",
            "experienceInYears": "32",
            "proficiency": "advanced"
          }
        ]
      },
      {
        "id": 3,
        "fullName": "ggg",
        "contactPreference": "email",
        "email": "ggg@gmail.com",
        "phone": "90190",
        "skills": [
          {
            "skillName": "c#",
            "experienceInYears": "9",
            "proficiency": "beginner"
          }
        ]
      }
    ]
  }